N,TF1,TF2,TF1_seq,TF2_seq,DNA,kmer1,kmer2,dist,mode,Side_of_preferred_DNA,RoseTTAFold2NA_pdb_file,RoseTTAFold2NA_extracted_kmers,RoseTTAFold2NA_score,AlphaFold3_pdb_file,AlphaFold3_extracted_kmers,AlphaFold3_scores,AlphaFold3_final_score
769,HOXA9,TEAD4,TTGALGNYYVDSFLLGADAADELSVGRYAPGTLGQPPRQAATLAEHPDFSPCSFQSKATVFGASWNPVHAAGANAVPAAVYHHHHHHPYVHPQAPVAAAAPDGRYMRSWLEPTPGALSFAGLPSSRPYGIKPEPLSARRGDCPTLDTHTLSLTDYACGSPPVDREKQPSEGAFSENNAENESGGDKPPIDPNNPAANWLHARSTRKKRCPYTKHQTLELEKEFLFNMYLTRDRRYEVARLLNLTERQVKIWFQNRRMKMKKINKDRAKDE,PEGSTASGGSQALDKPIDNDAEGVWSPDIEQSFQEALAIYPPCGRRKIILSDEGKMYGRNELIARYIKLRTGKTRTRKQVSSHIQVLARRKAREIQAKLKFWQGALPGQ,GCGAGGAATGGCAATTAGCGAGAATTAGCGAATGGCGAG,GAATG,AATTA,2N,orient_1_2,left,HOXA9_TEAD4_GAATG_AATTA_2N---HOXA9_TEAD4_GCGAGGAATGGCAATTAGCGAGAATTAGCGAATGGCGAG_CTCGCCATTCGCTAATTCTCGCTAATTGCCATTCCTCGC_orient_1_2.pdb,_____GAATGGCAA__AG___GAAT_A____________,True,fold_hoxa9_tead4_gaatg_aatta_2n_orient_1_2,"['GCGAGGAATGGCAATTAGC____________________', 'GCGAGGAATGGCAATTAGC____________________', 'GCGAGGAATGGCAATTAG_____________________', '__GAGGAATGGCAATTAGC____________________', 'GCGAGGAATGGCAATTAG_____________________']","[True, True, True, True, True]",True
1201,NKX2-4,TBX4,SSISRFMGPSAGVNVAGMGSLTGIADAAKSLGPLHAAAAAAAPRRKRRVLFSQAQVYELERRFKQQKYLSAPEREHLASMIHLTPTQVKIWFQNHRYKMKRQAKDKAAQQLQQEGGLGPPPPPPPSPRRVAVPV,GADVVAAAAAEQTIENIKVGLHEKELWKKFHEAGTEMIITKAGRRMFPSYKVKVTGMNPKTKYILLIDIVPADDHRYKFCDNKWMVAGKAEPAMPGRLYVHPDSPATGAHWMRQLVSFQKLKLTNNHLDPFGHIILNSMHKYQPRLHIVKADENNAFGSKNTAFCTHVFPETSFISVTSYQNHKITQLKIENNPFAKGFRGSDDSDLRVARLQSKEYPVIS,GCGAGAAGTGGAGGTGTGCGAGAGGTGTGAAGTGGCGAG,AGGTGT,AAGTG,1N,orient_1_2,right,NKX2-4_TBX4_AGGTGT_AAGTG_1N---NKX2-4_TBX4_GCGAGAAGTGGAGGTGTGCGAGAGGTGTGAAGTGGCGAG_CTCGCCACTTCACACCTCTCGCACACCTCCACTTCTCGC_orient_2_1.pdb,___________AGGTGTGC___AGGTGTGAA________,True,fold_nkx2_4_tbx4_aggtgt_aagtg_1n_orient_2_1,"['_____________________GAGGTGTGAAGTGGC___', '_____________________GAGGTGTGAAGTGGC___', '_____________________GAGGTGTGAAGTGGC___', '_____________________GAGGTGTGAAGTGGC___', '_____________________GAGGTGTGAAGTGGC___']","[True, True, True, True, True]",True
1012,LMX1A,BACH2,ELLSLVSPAASDSGKSDDEESLCKSAHGAGKGTAEEGKDHKRPKRPRTILTTQQRRAFKASFEVSSKPCRKVRETLAAETGLSVRVVQVWFQNQRAKMKKLARRQQQQQQDQQNTQRLSS,FSEADSESCPVQDRGQEVKLPFPVDQITDLPRNDFQMMIKMHKLTSEQLEFIHDVRRRSKNRIAAQRCRKRKLDCIQNLECEIRKLVCEKEKLLSERNQLKACMGELLDNFSCLSQEVCRDIQSPEQIQALHR,GCGAGTGAGTCAGCGAGCGAGCTAATTAGCGAGTGACTCAGCGAGCGAGCTAATTAGCGAG,TGAGTCA,TAATTA,10N,orient_1_3,left,LMX1A_BACH2_TGAGTCA_TAATTA_10N---LMX1A_BACH2_GCGAGTGAGTCAGCGAGCGAGCTAATTAGCGAGTGACTCAGCGAGCGAGCTAATTAGCGAG_CTCGCTAATTAGCTCGCTCGCTGAGTCACTCGCTAATTAGCTCGCTCGCTGACTCACTCGC_orient_1_3.pdb,_______________AGCGAGCTAATTAGC_______________________________,True,fold_lmx1a_bach2_tgagtca_taatta_10n_orient_1_3,"['____________________GCTAATTAGCG_GTGACT_______________________', '_____________________________CGAGTGACT___________CTAATTAG____', '____________________GCTAATTAGCG_GTGACT_______________________', '_______AGTCAGCGA____GCTAATTAG________________________________', '_____________________________CGAGTGACT__________GCTAATTAG____']","[True, False, True, True, False]",True
764,HOXA10,TEAD4,AAEELSPAPSESSKASPEKDSLGNSKGENAANWLTAKSGRKKRCPYTKHQTLELEKEFLFNMYLTRERRLEISRSVHLTDRQVKIWFQNRRMKLKKMNRENRIRELTANFNFS,PEGSTASGGSQALDKPIDNDAEGVWSPDIEQSFQEALAIYPPCGRRKIILSDEGKMYGRNELIARYIKLRTGKTRTRKQVSSHIQVLARRKAREIQAKLKFWQGALPGQ,GCGAGATTTACTGCGAGCGATTCCGCGAGAGTAAATGCGAGCGATTCCGCGAG,AGTAAAT,ATTCC,7N,orient_1_3,right,HOXA10_TEAD4_AGTAAAT_ATTCC_7N---HOXA10_TEAD4_GCGAGATTTACTGCGAGCGATTCCGCGAGAGTAAATGCGAGCGATTCCGCGAG_CTCGCGGAATCGCTCGCATTTACTCTCGCGGAATCGCTCGCAGTAAATCTCGC_orient_3_1.pdb,_____ATTTACTGC_________CG____________________________,False,fold_hoxa10_tead4_agtaaat_attcc_7n_orient_3_1,"['_____ATTTACTGCG________________________AGCGATTCCGC_AG', '_____ATTTACTGCG________________________AGCGATTCCGC_A_', '_____ATTTACTGCGAGCGATTCCGCGAG________________________', '_____ATTTACTGCGAGCGATTCCGCGAG________________________', '_____ATTTACTGCGAGCGATTCCGC_AG________________________']","[False, False, False, False, False]",False
971,IRF8,TEAD4,CDRNGGRRLRQWLIEQIDSSMYPGLIWENEEKSMFRIPWKHAGKQDYNQEVDASIFKAWAVFKGKFKEGDKAEPATWKTRLRCALNKSPDFEEVTDRSQLDISEPYKVYRIVPEEEQKCKLGVATAGCVNEV,PEGSTASGGSQALDKPIDNDAEGVWSPDIEQSFQEALAIYPPCGRRKIILSDEGKMYGRNELIARYIKLRTGKTRTRKQVSSHIQVLARRKAREIQAKLKFWQGALPGQ,GCGAGCGAAACGCGAGCGACATTCCGCGAGCGAAACGCGAGCGAGGAATGGCGAG,CGAAAC,CATTCC,8N,orient_1_4,left,IRF8_TEAD4_CGAAAC_CATTCC_8N---IRF8_TEAD4_GCGAGCGAAACGCGAGCGACATTCCGCGAGCGAAACGCGAGCGAGGAATGGCGAG_CTCGCCATTCCTCGCTCGCGTTTCGCTCGCGGAATGTCGCTCGCGTTTCGCTCGC_orient_1_4.pdb,_______________G___CATTCCGCG__CG__ACGCGAGC___G_________,False,fold_irf8_tead4_cgaaac_cattcc_8n_orient_1_4,"['________________________C___AGCGAAACGC_AGCGAGGAATGGCG__', '____________________________AGCGAAACGC_AGCGAGGAATGGCG__', '____________________________AGCGAAACGC_AGCGAGGAATGGCG__', '____________________________AGCGAAACGCGAGCGAGGAATGGCG__', '____________________________AGCGAAACGC_AGCGAGGAATGGC___']","[False, False, False, False, False]",False
460,ESX1,TEAD4,SLRGYTHSDIGYRSLAVGEDIEEVNDEKLTVTSLMARGGEDEENTRSKPEYGTEAENNVGTEGSVPSDDQDREGGGGHEPEQQQEEPPLTKPEQQQEEPPLLELKQEQEEPPQTTVEGPQPAEGPQTAEGPQPPERKRRRRTAFTQFQLQELENFFDESQYPDVVARERLAARLNLTEDRVQVWFQNRRAKWKRNQRVLMLRNTATADLAHPLDMFLGGAYYAA,PEGSTASGGSQALDKPIDNDAEGVWSPDIEQSFQEALAIYPPCGRRKIILSDEGKMYGRNELIARYIKLRTGKTRTRKQVSSHIQVLARRKAREIQAKLKFWQGALPGQ,GCGAGCATTCCGCGAGTAATTAGCGAGCATTCCGCGAGTAATTAGCGAG,CATTCC,TAATTA,5N,orient_1_4,right,ESX1_TEAD4_CATTCC_TAATTA_5N---ESX1_TEAD4_GCGAGCATTCCGCGAGTAATTAGCGAGCATTCCGCGAGTAATTAGCGAG_CTCGCTAATTACTCGCGGAATGCTCGCTAATTACTCGCGGAATGCTCGC_orient_4_1.pdb,______________AGTAATTAGCG_GCATTCCGC___T__________,True,fold_esx1_tead4_cattcc_taatta_5n_orient_4_1,"['__GAGCATTCCGCGAGTAATTAGC_________________________', '________________________GAGCATTCCGCGAGTAATTAGC___', '________________________GAGCATTCCGCGAGTAATTAG____', '________________________GAGCATTCCGCGAGTAATTAGC___', '__GAGCATTCCGCGAG_____________________GTAATTAGC___']","[False, True, True, True, False]",True
972,IRF8,TEAD4,CDRNGGRRLRQWLIEQIDSSMYPGLIWENEEKSMFRIPWKHAGKQDYNQEVDASIFKAWAVFKGKFKEGDKAEPATWKTRLRCALNKSPDFEEVTDRSQLDISEPYKVYRIVPEEEQKCKLGVATAGCVNEV,PEGSTASGGSQALDKPIDNDAEGVWSPDIEQSFQEALAIYPPCGRRKIILSDEGKMYGRNELIARYIKLRTGKTRTRKQVSSHIQVLARRKAREIQAKLKFWQGALPGQ,GCGAGCGAAACGCGAGCGACATTCCGCGAGCGAAACGCGAGCGCATTCCGCGAG,CGAAAC,CATTCC,8N,spac_m1,left,IRF8_TEAD4_CGAAAC_CATTCC_8N---IRF8_TEAD4_GCGAGCGAAACGCGAGCGACATTCCGCGAGCGAAACGCGAGCGCATTCCGCGAG_CTCGCGGAATGCGCTCGCGTTTCGCTCGCGGAATGTCGCTCGCGTTTCGCTCGC_spac_m1.pdb,_______________G__ACATTCCGCG___GAAACGCGAGCGC__________,False,fold_irf8_tead4_cgaaac_cattcc_8n_spac_m1,"['____________________________AGCGAAACGC__GCGCATTCCGC_AG', '____________________________AGCGAAACG__AGCGCATTCCGCGAG', '____________________________AGCGAAACGC_AGCGCATTCCGC_AG', '____________________________AGCGAAACGC_AGCGCATTCCGC_A_', '____________________________AGCGAAACGC__GCGCATTCCGCG_G']","[False, False, False, False, False]",False
595,FOXC2,TCF3,SYAPYHHHQPAAPKDLVKPPYSYIALITMAIQNAPEKKITLNGIYQFIMDRFPFYRENKQGWQNSIRHNLSLNECFVKVPRDDKKPGKGSYWTLDPDSYNMFENGSFLRRRRRFKKKDVSKEKEERAHLKEP,SRPPDSYSGLGRAGATAAASEIKREEKEDEENTSAADHSEEEKKELKAPRARTSTDEVLSLEEKDLRDRERRMANNARERVRVRDINEAFRELGRMCQMHLKSDKAQTKLLILQQAVQVILGLEQQVRERNLNPKAACLKRREEEKVSGVVGDPQMVLSAPHPGLSEAHNPA,GCGAGGCACCTGATAAACAAGCGAGGCACCTGGATAAACAAGCGAG,GCACCTG,ATAAACAA,1N,spac_m1,right,FOXC2_TCF3_GCACCTG_ATAAACAA_1N---FOXC2_TCF3_GCGAGGCACCTGATAAACAAGCGAGGCACCTGGATAAACAAGCGAG_CTCGCTTGTTTATCCAGGTGCCTCGCTTGTTTATCAGGTGCCTCGC_spac_m1_r.pdb,_______AC_TGATAAACAAGCGAGGC___________________,False,fold_foxc2_tcf3_gcacctg_ataaacaa_1n_spac_m1_r,"['_________________________GCACCTGGATAAACAA_____', '_________________________GCACCTGGATAAACAA__G__', '__________________________CACCTGGATAAACAA__G__', '_________________________GCACCTGGATAAACAA_____', '___________GATAAACA___G__GCACCTGGAT___C__GC___']","[True, True, True, True, True]",True
1149,NEUROG2,TEAD4,AVSRGAKTAETVQRIKKTRRLKANNRERNRMHNLNAALDALREVLPTFPEDAKLTKIETLRFAHNYIWALTETLRLADHCGGGGGGLPGALFSEAVLLSPGGASAALSSSGDSPSPAS,PEGSTASGGSQALDKPIDNDAEGVWSPDIEQSFQEALAIYPPCGRRKIILSDEGKMYGRNELIARYIKLRTGKTRTRKQVSSHIQVLARRKAREIQAKLKFWQGALPGQ,GCGAGCATATGGCGAGCGCATTCCGCGAGCATATGGCGAGCATTCCGCGAG,CATATG,CATTCC,7N,spac_m2,left,NEUROG2_TEAD4_CATATG_CATTCC_7N---NEUROG2_TEAD4_GCGAGCATATGGCGAGCGCATTCCGCGAGCATATGGCGAGCATTCCGCGAG_CTCGCGGAATGCTCGCCATATGCTCGCGGAATGCGCTCGCCATATGCTCGC_spac_m2.pdb,____________________________GCATATGGCGA____________,False,fold_neurog2_tead4_catatg_cattcc_7n_spac_m2,"['____________________________GCATATGGCGAGCATTCCGCG_G', '____GCATATGGCGAGCGCATTCCGCGAG______________________', '_______________GCGCATTCCGC_AGCATATGGCGA____________', '____GCATATGGCG_GCGCATTCCGCGAG______________________', '____GCATATGGCGAGCGCATTCCGCGAG______________________']","[False, True, False, True, True]",True
1473,RFX5,OTP,SDNDKLYLYLQLPSGPTTGDKSSEPSTLSNEEYMYAYRWIRNHLEEHTDTCLPKQSVYDAYRKYCESLACCRPLSTANFGKIIREIFPDIKARRLGGRGQSKYCYSGIRRKTLVSMPPLPGLDLKGSESPEM,DITTVGSTPASLAVSAKDPDKQPGPQGGPNPSQAGQQQGQQKQKRHRTRFTPAQLNELERSFAKTHYPDIFMREELALRIGLTESRVQVWFQNRRAKWKKRKKTTNVFRAPGTLLPTPGLPQFPSAAA,GCGAGGTTGCGCGAGTAATTAGCGAGGTTGCGCGAGCGTAATTA,GTTGC,TAATTA,7N,spac_m2,right,RFX5_OTP_GTTGC_TAATTA_7N---RFX5_OTP_GCGAGGTTGCGCGAGTAATTAGCGAGGTTGCGCGAGCGTAATTA_TAATTACGCTCGCGCAACCTCGCTAATTACTCGCGCAACCTCGC_spac_m2_r.pdb,__GAG_TTGCGCGA__________AGGTTGCG____________,False,fold_rfx5_otp_gttgc_taatta_7n_spac_m2_r,"['____________GAGTAATTAGC_________CGAGCGTAATTA', '____________GAGTAATTAG__________CGAGCGTAATTA', 'GC__GGTTGCGCGAGTAATTAGC_____________________', 'GC___GTTGCGCGAGTAATTAGC_____________________', '____________GAGTAATTAGCGAG__________________']","[False, False, False, False, False]",False
1495,SOX3,TEAD4,SSGGASGGGGGTDQDRVKRPMNAFMVWSRGQRRKMALENPKMHNSEISKRLGADWKLLTDAEKRPFIDEAKRLRAVHMKEYPDYKYRPRRKTKTLLKKDKYSLP,PEGSTASGGSQALDKPIDNDAEGVWSPDIEQSFQEALAIYPPCGRRKIILSDEGKMYGRNELIARYIKLRTGKTRTRKQVSSHIQVLARRKAREIQAKLKFWQGALPGQ,GCGAGGCATTGCATGCGCGAGGCATTGCCATGCGCGAG,GCATT,CATGC,1N,spac_p1,left,SOX3_TEAD4_GCATT_CATGC_1N---SOX3_TEAD4_GCGAGGCATTGCATGCGCGAGGCATTGCCATGCGCGAG_CTCGCGCATGGCAATGCCTCGCGCATGCAATGCCTCGC_spac_p1.pdb,_________TGCATGCGCGA__CATTGCCATG______,False,fold_sox3_tead4_gcatt_catgc_1n_spac_p1,"['____GGCATTGCATGC__GAGGCATTGCC_________', '____GGCATTGCATGCGC_AGGCATTGCC_________', '____GGCATTGCATGCGCGAGGCATTGCC_________', '____GGCATTGCATGCGCGAGGCATTGCC_________', '____GGCATTGCATGC____GGCATTGCCATGCG____']","[True, True, True, True, False]",True
196,CDX1,ETV1,YVGYVLDKDSPVYPGPARPASLGLGPANYGPPAPPPAPPQYPDFSSYSHVEPAPAPPTAWGAPFPAPKDDWAAAYGPGPAAPAASPASLAFGPPPDFSPVPAPPGPGPGLLAQPLGGPGTPSSPGAQRPTPYEWMRRSVAAGGGGGSGKTRTKDKYRVVYTDHQRLELEKEFHYSRYITIRRKSELAANLGLTERQVKIWFQNRRAKERKVNKKKQQQQQPPQPPMAHDITATPAGPSLGGLCPSNTSLL,IKQEPGMYREGPTYQRRGSLQLWQFLVALLDDPSNSHFIAWTGRGMEFKLIEPEEVARRWGIQKNRPAMNYDKLSRSLRYYYEKGIMQKVAGERYVYKFVCDPEALFSMAFPDNQRPLLKTDME,GCGAGCGGAAGCGAATAAAGCGAGCGGAAGCGATAAAGCGAG,CGGAA,ATAAA,3N,spac_p1,right,CDX1_ETV1_CGGAA_ATAAA_3N---CDX1_ETV1_GCGAGCGGAAGCGAATAAAGCGAGCGGAAGCGATAAAGCGAG_CTCGCTTTATCGCTTCCGCTCGCTTTATTCGCTTCCGCTCGC_spac_p1_r.pdb,_________AGCGAATAAAGC__GCGGAAGCGAT________,True,fold_cdx1_etv1_cggaa_ataaa_3n_spac_p1_r,"['_____________________GAGCGGAAGCGATAAAG____', '_____________________GAGCGGAAGCGATAAAG____', '_____________________GAGCGGAAGCGATAAAG____', '______________________AGCGGAAGCGATAAAG____', '_____________________GAGCGGAAGCGATAAAG____']","[True, True, True, True, True]",True
65,ATOH1,ONECUT1,GVVVDELGCSRQRAPSSKQVNGVQKQRRLAANARERRRMHGLNHAFDQLRNVIPSFNNDKKLSKYETLQMAQIYINALSELLQTPSGGEQPPPPPASCKSDHHHLRTAASYEGG,QLLGTAREPNPSVTGAQVSNGSNSGQMEEINTKEVAQRITTELKRYSIPQAIFAQRVLCRSQGTLSDLLRNPKPWSKLKSGRETFRRMWKWLQEPEFQRMSALRLAACKRKEQEHGKDRGNTPKKPRLVFTDVQRRTLHAIFKENKRPSKELQITISQQLGLELSTVSNFFMNARRRSLDKWQDEGSSNSGNSSSSSSTCTKA,GCGAGCATATGGCGAGCATCGATGCGAGCATATGGCGAGCGAATCGATGCGAG,CATATG,ATCGAT,6N,spac_p2,left,ATOH1_ONECUT1_CATATG_ATCGAT_6N---ATOH1_ONECUT1_GCGAGCATATGGCGAGCATCGATGCGAGCATATGGCGAGCGAATCGATGCGAG_CTCGCATCGATTCGCTCGCCATATGCTCGCATCGATGCTCGCCATATGCTCGC_spac_p2.pdb,___________________CGATGCGAGCA___GG__________________,True,fold_atoh1_onecut1_catatg_atcgat_6n_spac_p2,"['___________________________GCATATGGCG___GAATCGATGC___', '___________________________GCATATGGCG___GAATCGATGC___', '___________________________GCATATGGCG___GAATCGATGC___', '___________________________GCATATGGCGA__GAATCGATGC___', '____GCATATGGCGA_________________________GAATCGATGC___']","[False, False, False, False, True]",False
723,GSX2,TCF7L1,TYNVADPRRFHCLTMGGSDASQVPNGKRMRTAFTSTQLLELEREFSSNMYLSRLRRIEIATYLNLSEKQVKIWFQNRRVKHKKEGKGTQRNSHAGCKCVGSQVHYARSEDEDS,PAVSVKSPVTVKKEEEKKPHVKKPLNAFMLYMKEMRAKVVAECTLKESAAINQILGRKWHNLSREEQAKYYELARKERQLHSQLYPTWSARDNYGKKKKRKREKQL,GCGAGATCAAAGCGAGTAATTAGCGAGATCAAAGCGTAATTAGCGAG,ATCAAA,TAATTA,3N,spac_p2,right,GSX2_TCF7L1_ATCAAA_TAATTA_3N---GSX2_TCF7L1_GCGAGATCAAAGCGAGTAATTAGCGAGATCAAAGCGTAATTAGCGAG_CTCGCTAATTACGCTTTGATCTCGCTAATTACTCGCTTTGATCTCGC_spac_p2_r.pdb,_________________________AGATCAAAGCGTAATTAG____,True,fold_gsx2_tcf7l1_atcaaa_taatta_3n_spac_p2_r,"['_______________GTAATTAGC_AGATCAAAGC____________', '_______________GTAATTAGC_AGATCAAAGCG___________', '_________________________AGATCAAAGCGTAATTAGC___', '_________________________AGATCAAAGCGTAATTAGC___', '_________________________AGATCAAAGCGTAATTAGC___']","[True, True, True, True, True]",True
